method,mean_risk,ci_low,ci_high,ratio_vs_expanding,infeasible
Oracle_grid,0.03344442,0.03085095,0.03607837,0.30408688,True
Joint_FixedShare,0.05309971,0.04883841,0.05747841,0.48279876,False
Hedge_all,0.05364235,0.04923357,0.05804646,0.48773263,False
Uniform_FixedShare,0.05426065,0.04964791,0.05892378,0.49335437,False
Exponential_CV,0.05780370,0.05319184,0.06244387,0.52556882,False
Joint_1SE,0.05851124,0.05398260,0.06293638,0.53200206,False
Power_CV_matched,0.05946495,0.05463897,0.06432084,0.54067346,False
Joint_CV,0.05967103,0.05490537,0.06455027,0.54254722,False
RLS_099,0.05981031,0.05280259,0.06715589,0.54381360,False
Joint_Hybrid,0.06047889,0.05561584,0.06544353,0.54989245,False
Uniform_CV,0.06610759,0.06073360,0.07164987,0.60107032,False
ARF,0.06923874,0.06158813,0.07692826,0.62953976,False
RLS_0995,0.07288415,0.06392260,0.08206751,0.66268490,False
Memory_only_CV,0.07347606,0.06805373,0.07898310,0.66806675,False
HAT,0.07813762,0.06921213,0.08725299,0.71045101,False
NN_exponential,0.08508073,0.07630960,0.09403638,0.77357990,False
PageHinkley_NN,0.09249572,0.08388815,0.10131084,0.84099923,False
MU_linear_tuned,0.09279191,0.08135634,0.10455793,0.84369228,False
MU_linear_conservative,0.09527539,0.08350367,0.10728242,0.86627291,False
ADWIN_NN,0.09624282,0.08744452,0.10528132,0.87506903,False
NN_rolling_long,0.10325975,0.09122657,0.11581372,0.93886909,False
Width_only_CV,0.10592540,0.09401441,0.11788766,0.96310598,False
RF_rolling,0.10603864,0.09288932,0.11967028,0.96413563,False
Joint_Lepski,0.10757954,0.09565724,0.11940877,0.97814594,False
NN_expanding,0.10998312,0.09816654,0.12177119,1.00000000,False
RF_expanding,0.11758469,0.10462987,0.13053721,1.06911585,False
NN_rolling_short,0.13857915,0.13259821,0.14457711,1.26000388,False
Mean_recent,0.16983563,0.14472395,0.19906157,1.54419732,False
Zero,0.19233412,0.16596448,0.22292651,1.74876045,False
