score_horizon,method,mean_risk
32,Exponential_CV,0.06335067594149799
32,Joint_CV,0.07031267496530501
32,Power_CV_matched,0.06845369790907521
32,Uniform_CV,0.07014949466350241
64,Exponential_CV,0.06297415969318408
64,Joint_CV,0.06598832340800741
64,Power_CV_matched,0.06546761279117345
64,Uniform_CV,0.06847922957698457
128,Exponential_CV,0.061765002869861814
128,Joint_CV,0.06354446230364605
128,Power_CV_matched,0.0632772705313196
128,Uniform_CV,0.06610758651216692
256,Exponential_CV,0.05780369596388672
256,Joint_CV,0.05967103395400585
256,Power_CV_matched,0.05946495180824408
256,Uniform_CV,0.06250305444043584
