target,baseline,risk_ratio,ratio_ci_low,ratio_ci_high,scenario_wins,scenario_count
Joint_CV,ADWIN_NN,0.62000505,0.59858381,0.64194108,17,18
Joint_CV,ARF,0.86181566,0.82179062,0.90771873,17,18
Joint_CV,Exponential_CV,1.03230482,1.01906566,1.04625118,2,18
Joint_CV,Hedge_all,1.11238657,1.09034179,1.13605210,0,18
Joint_CV,NN_expanding,0.54254722,0.51904222,0.57057223,13,18
Joint_CV,RLS_099,0.99767130,0.94381754,1.05922950,9,18
Joint_CV,Uniform_CV,0.90263519,0.88611172,0.91938169,15,18
Joint_CV,Uniform_FixedShare,1.09971098,1.07364853,1.12633778,2,18
Joint_FixedShare,ADWIN_NN,0.55172649,0.53527810,0.56896397,18,18
Joint_FixedShare,ARF,0.76690750,0.73750326,0.80199176,17,18
Joint_FixedShare,Exponential_CV,0.91862140,0.90479096,0.93245942,15,18
Joint_FixedShare,Hedge_all,0.98988409,0.97648074,1.00378882,9,18
Joint_FixedShare,Joint_CV,0.88987418,0.87287553,0.90857095,16,18
Joint_FixedShare,NN_expanding,0.48279876,0.46481409,0.50472624,15,18
Joint_FixedShare,RLS_099,0.88780193,0.84706346,0.93534104,12,18
Joint_FixedShare,Uniform_CV,0.80323175,0.78958283,0.81652341,17,18
Joint_FixedShare,Uniform_FixedShare,0.97860441,0.96808877,0.98950218,11,18
