scenario,Exponential_CV,Joint_CV,Joint_FixedShare,Oracle_grid,RLS_099,Zero
complexity_change,0.10698404,0.10531308,0.08870908,0.06687540,0.12664830,0.32596084
covariate_only,0.01085024,0.01181605,0.01065053,0.00857969,0.01460686,0.20633980
fast_smooth,0.04569683,0.04820653,0.04254546,0.02817797,0.06106468,0.17824750
heavy_tails,0.04544883,0.04678310,0.04006503,0.02594599,0.06223102,0.17824750
heteroskedastic,0.06766657,0.07020624,0.05832377,0.03868160,0.06367322,0.17824750
holder_half,0.01776945,0.01834857,0.01591267,0.01229103,0.01476981,0.09222542
joint_shift,0.04552303,0.04996616,0.04227772,0.02799047,0.06070842,0.17745917
low_signal,0.09414039,0.09772570,0.07951867,0.06099076,0.03356389,0.01738558
multiple_jumps,0.18659679,0.19017739,0.19198118,0.09648164,0.22519109,0.28584398
piecewise_holder,0.04127705,0.04213551,0.03715257,0.02706652,0.03461273,0.09166193
recurring,0.13354994,0.13589308,0.11588193,0.06399773,0.12828813,0.18950764
serial_noise,0.06119610,0.06664716,0.05832937,0.03280386,0.06729634,0.17824750
single_jump,0.10637076,0.10994011,0.08938017,0.05694823,0.10905365,0.26770982
slow_smooth,0.02136770,0.02061987,0.01913054,0.01575926,0.01724213,0.11089853
stationary_linear,0.00953296,0.01004688,0.00985069,0.00724457,0.00344145,0.35333698
stationary_nonlinear,0.01096293,0.01151875,0.01069870,0.00881053,0.01466491,0.20641271
support_shift,0.01244582,0.01297003,0.01187689,0.00850262,0.01562196,0.21786911
volatility_only,0.02308711,0.02576441,0.03350986,0.01485171,0.02390705,0.20641271
